{
    "normals":[-1,0,-0,0,-1,0,1,0,-0,0,1,-0,0,0,1,0,0,-1],
    "uvs":[],
    "materials":[{
        "depthWrite":true,
        "colorEmissive":[0,0,0],
        "wireframe":false,
        "visible":true,
        "blending":"NormalBlending",
        "shading":"basic",
        "DbgColor":15658734,
        "depthTest":true,
        "DbgName":"Material.013",
        "DbgIndex":0,
        "transparent":true,
        "colorDiffuse":[0,0.8,0.03749],
        "opacity":0.19
    }],
    "vertices":[0.002676,0.161135,-0.870717,0.002676,0.421135,-0.870717,0.002676,0.161135,-1.08038,0.002676,0.421135,-1.08038,0.212339,0.161135,-0.870717,0.212339,0.421135,-0.870717,0.212339,0.161135,-1.08038,0.212339,0.421135,-1.08038],
    "name":"Cube.004Geometry",
    "metadata":{
        "normals":6,
        "uvs":0,
        "materials":1,
        "type":"Geometry",
        "version":3,
        "vertices":8,
        "generator":"io_three",
        "faces":6
    },
    "faces":[35,0,1,3,2,0,0,0,0,0,35,2,3,7,6,0,1,1,1,1,35,6,7,5,4,0,2,2,2,2,35,1,0,4,5,0,3,3,3,3,35,4,0,2,6,0,4,4,4,4,35,7,3,1,5,0,5,5,5,5]
}