{
    "normals":[0.098017,-0.995185,-0,0.290285,-0.95694,-0,0.471397,-0.881921,0,0.634393,-0.77301,0,0.77301,-0.634393,0,0.881921,-0.471396,0,0.95694,-0.290285,0,0.995185,-0.098017,0,0.995185,0.098017,-0,0.95694,0.290285,-0,0.881922,0.471396,-0,0.77301,0.634393,-0,0.634393,0.77301,-0,0.471396,0.881921,-0,0.290284,0.95694,-0,0.098017,0.995185,-0,-0.098018,0.995185,-0,-0.290285,0.95694,-0,-0.471397,0.881921,-0,-0.634394,0.77301,-0,-0.773011,0.634393,-0,-0.881922,0.471396,-0,-0.956941,0.290283,-0,-0.995185,0.098016,-0,-0.995185,-0.098018,0,-0.95694,-0.290286,0,-0.881921,-0.471398,0,-0.77301,-0.634394,0,-0.634392,-0.773011,0,-0.471396,-0.881922,0,0,0,-1,0,0,-1,-0,0,-1,0,-0,-1,-0.290283,-0.956941,-0,-0.098017,-0.995185,-0,-0,0,1,0,0,1,0,-0,1,0,0,1],
    "uvs":[],
    "materials":[{
        "depthWrite":true,
        "colorEmissive":[0,0,0],
        "wireframe":false,
        "visible":true,
        "blending":"NormalBlending",
        "shading":"basic",
        "DbgColor":15658734,
        "depthTest":true,
        "DbgName":"Material.014",
        "DbgIndex":0,
        "transparent":false,
        "colorDiffuse":[0.64,0.64,0.64],
        "opacity":1
    }],
    "vertices":[-0.052278,-2.01307,-0.555712,-0.052278,-0.852738,-0.555712,0.060906,-2.01307,-0.544565,0.060906,-0.852738,-0.544565,0.169741,-2.01307,-0.51155,0.169741,-0.852738,-0.51155,0.270044,-2.01307,-0.457937,0.270044,-0.852738,-0.457937,0.35796,-2.01307,-0.385786,0.35796,-0.852738,-0.385786,0.430111,-2.01307,-0.29787,0.430111,-0.852738,-0.29787,0.483724,-2.01307,-0.197568,0.483724,-0.852738,-0.197568,0.516738,-2.01307,-0.088733,0.516738,-0.852738,-0.088733,0.527886,-2.01307,0.024452,0.527886,-0.852738,0.024452,0.516738,-2.01307,0.137636,0.516738,-0.852738,0.137636,0.483724,-2.01307,0.246471,0.483724,-0.852738,0.246471,0.430111,-2.01307,0.346774,0.430111,-0.852738,0.346773,0.35796,-2.01307,0.43469,0.35796,-0.852738,0.43469,0.270044,-2.01307,0.50684,0.270044,-0.852738,0.50684,0.169741,-2.01307,0.560453,0.169741,-0.852738,0.560453,0.060906,-2.01307,0.593468,0.060906,-0.852738,0.593468,-0.052278,-2.01307,0.604616,-0.052278,-0.852738,0.604616,-0.165463,-2.01307,0.593468,-0.165463,-0.852738,0.593468,-0.274297,-2.01307,0.560453,-0.274297,-0.852738,0.560453,-0.3746,-2.01307,0.50684,-0.3746,-0.852738,0.50684,-0.462516,-2.01307,0.434689,-0.462516,-0.852738,0.434689,-0.534667,-2.01307,0.346773,-0.534667,-0.852738,0.346773,-0.58828,-2.01307,0.24647,-0.58828,-0.852738,0.24647,-0.621294,-2.01307,0.137636,-0.621294,-0.852738,0.137636,-0.632442,-2.01307,0.024451,-0.632442,-0.852738,0.024451,-0.621294,-2.01307,-0.088733,-0.621294,-0.852738,-0.088733,-0.588279,-2.01307,-0.197568,-0.588279,-0.852738,-0.197568,-0.534666,-2.01307,-0.297871,-0.534666,-0.852738,-0.297871,-0.462515,-2.01307,-0.385787,-0.462515,-0.852738,-0.385787,-0.374599,-2.01307,-0.457938,-0.374599,-0.852738,-0.457938,-0.274296,-2.01307,-0.51155,-0.274296,-0.852738,-0.51155,-0.165461,-2.01307,-0.544565,-0.165461,-0.852738,-0.544565],
    "name":"Cylinder.001Geometry",
    "metadata":{
        "normals":40,
        "uvs":0,
        "materials":1,
        "type":"Geometry",
        "version":3,
        "vertices":64,
        "generator":"io_three",
        "faces":92
    },
    "faces":[35,0,1,3,2,0,0,0,0,0,35,2,3,5,4,0,1,1,1,1,35,4,5,7,6,0,2,2,2,2,35,6,7,9,8,0,3,3,3,3,35,8,9,11,10,0,4,4,4,4,35,10,11,13,12,0,5,5,5,5,35,12,13,15,14,0,6,6,6,6,35,14,15,17,16,0,7,7,7,7,35,16,17,19,18,0,8,8,8,8,35,18,19,21,20,0,9,9,9,9,35,20,21,23,22,0,10,10,10,10,35,22,23,25,24,0,11,11,11,11,35,24,25,27,26,0,12,12,12,12,35,26,27,29,28,0,13,13,13,13,35,28,29,31,30,0,14,14,14,14,35,30,31,33,32,0,15,15,15,15,35,32,33,35,34,0,16,16,16,16,35,34,35,37,36,0,17,17,17,17,35,36,37,39,38,0,18,18,18,18,35,38,39,41,40,0,19,19,19,19,35,40,41,43,42,0,20,20,20,20,35,42,43,45,44,0,21,21,21,21,35,44,45,47,46,0,22,22,22,22,35,46,47,49,48,0,23,23,23,23,35,48,49,51,50,0,24,24,24,24,35,50,51,53,52,0,25,25,25,25,35,52,53,55,54,0,26,26,26,26,35,54,55,57,56,0,27,27,27,27,35,56,57,59,58,0,28,28,28,28,35,58,59,61,60,0,29,29,29,29,34,5,3,1,0,30,30,30,34,1,63,61,0,30,30,30,34,61,59,57,0,30,30,30,34,57,55,53,0,30,30,30,34,53,51,49,0,30,30,30,34,49,47,45,0,30,30,30,34,45,43,41,0,30,30,30,34,41,39,37,0,30,30,30,34,37,35,33,0,30,30,30,34,33,31,29,0,30,30,30,34,29,27,25,0,31,31,31,34,25,23,21,0,31,31,31,34,21,19,17,0,30,30,30,34,17,15,13,0,31,31,31,34,13,11,9,0,30,30,30,34,9,7,5,0,30,30,30,34,5,1,61,0,32,32,32,34,61,57,53,0,31,31,31,34,53,49,45,0,30,30,30,34,45,41,37,0,30,30,30,34,37,33,29,0,30,30,30,34,29,25,21,0,30,30,30,34,21,17,13,0,33,33,33,34,13,9,5,0,30,30,30,34,5,61,53,0,32,32,32,34,53,45,37,0,30,30,30,34,37,29,21,0,30,30,30,34,21,13,5,0,31,31,31,34,5,53,37,0,30,30,30,34,37,21,5,0,33,33,33,35,60,61,63,62,0,34,34,34,34,35,1,0,62,63,0,35,35,35,35,34,62,0,2,0,36,36,36,34,2,4,6,0,37,37,37,34,6,8,10,0,37,37,37,34,10,12,14,0,37,37,37,34,14,16,18,0,38,38,38,34,18,20,22,0,37,37,37,34,22,24,26,0,37,37,37,34,26,28,30,0,37,37,37,34,30,32,34,0,37,37,37,34,34,36,38,0,37,37,37,34,38,40,42,0,37,37,37,34,42,44,46,0,39,39,39,34,46,48,50,0,37,37,37,34,50,52,54,0,37,37,37,34,54,56,58,0,37,37,37,34,58,60,62,0,39,39,39,34,62,2,6,0,37,37,37,34,6,10,14,0,39,39,39,34,14,18,22,0,37,37,37,34,22,26,30,0,37,37,37,34,30,34,38,0,37,37,37,34,38,42,46,0,37,37,37,34,46,50,54,0,37,37,37,34,54,58,62,0,37,37,37,34,62,6,14,0,39,39,39,34,14,22,30,0,37,37,37,34,30,38,46,0,37,37,37,34,46,54,62,0,37,37,37,34,62,14,30,0,38,38,38,34,30,46,62,0,37,37,37]
}